graph_id,maxcut,C_init,C_opt,cut_P,p,beta_1,gamma_1
1.0,1.0,0.5,0.9999999999999998,0.9999999999999986,1.0,-0.12500000466150438,0.0
